subject_id,relation,condition,normalized_quadrant,proportion
59e5a69916ecc200016fefdb,inter,fixed,critical,0.2646560230936327
59e5a69916ecc200016fefdb,inter,fixed,first,0.24141716313162398
59e5a69916ecc200016fefdb,inter,fixed,second,0.2986026565078232
59e5a69916ecc200016fefdb,inter,fixed,third,0.19532415726692012
59e5a69916ecc200016fefdb,inter,free,critical,0.28377037165659025
59e5a69916ecc200016fefdb,inter,free,first,0.25316522162962524
59e5a69916ecc200016fefdb,inter,free,second,0.2538139073329289
59e5a69916ecc200016fefdb,inter,free,third,0.20925049938085558
59e5a69916ecc200016fefdb,intra,fixed,critical,0.27299474748146935
59e5a69916ecc200016fefdb,intra,fixed,first,0.24096872156508176
59e5a69916ecc200016fefdb,intra,fixed,second,0.24735071690934354
59e5a69916ecc200016fefdb,intra,fixed,third,0.23868581404410535
59e5a69916ecc200016fefdb,intra,free,critical,0.2764778393481609
59e5a69916ecc200016fefdb,intra,free,first,0.217515519523974
59e5a69916ecc200016fefdb,intra,free,second,0.270881989790586
59e5a69916ecc200016fefdb,intra,free,third,0.23512465133727914
5af71feee066a4000113555f,inter,fixed,critical,0.244175234899762
5af71feee066a4000113555f,inter,fixed,first,0.2846083777920575
5af71feee066a4000113555f,inter,fixed,second,0.2288894361514308
5af71feee066a4000113555f,inter,fixed,third,0.24232695115674968
5af71feee066a4000113555f,inter,free,critical,0.3078615944860678
5af71feee066a4000113555f,inter,free,first,0.2530611220703404
5af71feee066a4000113555f,inter,free,second,0.21578006177626644
5af71feee066a4000113555f,inter,free,third,0.22329722166732532
5af71feee066a4000113555f,intra,fixed,critical,0.34313505034002784
5af71feee066a4000113555f,intra,fixed,first,0.22716258735952016
5af71feee066a4000113555f,intra,fixed,second,0.20098737313885182
5af71feee066a4000113555f,intra,fixed,third,0.22871498916160016
5af71feee066a4000113555f,intra,free,critical,0.24475282273524052
5af71feee066a4000113555f,intra,free,first,0.2513918205492653
5af71feee066a4000113555f,intra,free,second,0.2563809437487457
5af71feee066a4000113555f,intra,free,third,0.24747441296674852
5bb625693e969700019bd28f,inter,fixed,critical,0.2461513874519238
5bb625693e969700019bd28f,inter,fixed,first,0.2607962777896149
5bb625693e969700019bd28f,inter,fixed,second,0.19117807470388887
5bb625693e969700019bd28f,inter,fixed,third,0.3018742600545724
5bb625693e969700019bd28f,inter,free,critical,0.3394046694018332
5bb625693e969700019bd28f,inter,free,first,0.25235249983782965
5bb625693e969700019bd28f,inter,free,second,0.18813333289843687
5bb625693e969700019bd28f,inter,free,third,0.2201094978619003
5bb625693e969700019bd28f,intra,fixed,critical,0.3105783324940312
5bb625693e969700019bd28f,intra,fixed,first,0.268182495234145
5bb625693e969700019bd28f,intra,fixed,second,0.16974302465329497
5bb625693e969700019bd28f,intra,fixed,third,0.25149614761852884
5bb625693e969700019bd28f,intra,free,critical,0.32333347303780224
5bb625693e969700019bd28f,intra,free,first,0.16696953097798325
5bb625693e969700019bd28f,intra,free,second,0.17776830827656195
5bb625693e969700019bd28f,intra,free,third,0.33192868770765255
5c6cb4163023800001e71898,inter,fixed,critical,0.27366923925575776
5c6cb4163023800001e71898,inter,fixed,first,0.25789337114084815
5c6cb4163023800001e71898,inter,fixed,second,0.21004914330723318
5c6cb4163023800001e71898,inter,fixed,third,0.2583882462961609
5c6cb4163023800001e71898,inter,free,critical,0.22815427110302808
5c6cb4163023800001e71898,inter,free,first,0.2779499161848012
5c6cb4163023800001e71898,inter,free,second,0.2080425694194754
5c6cb4163023800001e71898,inter,free,third,0.2858532432926953
5c6cb4163023800001e71898,intra,fixed,critical,0.24358391240206023
5c6cb4163023800001e71898,intra,fixed,first,0.21184424574729172
5c6cb4163023800001e71898,intra,fixed,second,0.2779967736477653
5c6cb4163023800001e71898,intra,fixed,third,0.26657506820288274
5c6cb4163023800001e71898,intra,free,critical,0.28546267280097276
5c6cb4163023800001e71898,intra,free,first,0.27758140750061977
5c6cb4163023800001e71898,intra,free,second,0.1940531699303551
5c6cb4163023800001e71898,intra,free,third,0.24290274976805237
5c7c3a866fa756000182443e,inter,fixed,critical,0.23183180292867236
5c7c3a866fa756000182443e,inter,fixed,first,0.2542060641802384
5c7c3a866fa756000182443e,inter,fixed,second,0.2647019506614781
5c7c3a866fa756000182443e,inter,fixed,third,0.24926018222961116
5c7c3a866fa756000182443e,inter,free,critical,0.28790026845367
5c7c3a866fa756000182443e,inter,free,first,0.2583152202649321
5c7c3a866fa756000182443e,inter,free,second,0.2171768849909716
5c7c3a866fa756000182443e,inter,free,third,0.23660762629042628
5c7c3a866fa756000182443e,intra,fixed,critical,0.3315267157117168
5c7c3a866fa756000182443e,intra,fixed,first,0.1851890405349699
5c7c3a866fa756000182443e,intra,fixed,second,0.2024214546456291
5c7c3a866fa756000182443e,intra,fixed,third,0.2808627891076842
5c7c3a866fa756000182443e,intra,free,critical,0.25494930687483613
5c7c3a866fa756000182443e,intra,free,first,0.2630412128126687
5c7c3a866fa756000182443e,intra,free,second,0.2587586258928349
5c7c3a866fa756000182443e,intra,free,third,0.2232508544196603
5c88483929e4730001a0082a,inter,fixed,critical,0.19891198095499826
5c88483929e4730001a0082a,inter,fixed,first,0.26102813805762537
5c88483929e4730001a0082a,inter,fixed,second,0.270618378509074
5c88483929e4730001a0082a,inter,fixed,third,0.26944150247830234
5c88483929e4730001a0082a,inter,free,critical,0.20944836896789995
5c88483929e4730001a0082a,inter,free,first,0.2999382155604392
5c88483929e4730001a0082a,inter,free,second,0.23066784577090388
5c88483929e4730001a0082a,inter,free,third,0.259945569700757
5c88483929e4730001a0082a,intra,fixed,critical,0.22426237777870234
5c88483929e4730001a0082a,intra,fixed,first,0.27350587400877713
5c88483929e4730001a0082a,intra,fixed,second,0.2134261031048102
5c88483929e4730001a0082a,intra,fixed,third,0.28880564510771034
5c88483929e4730001a0082a,intra,free,critical,0.17191577204100933
5c88483929e4730001a0082a,intra,free,first,0.283485123146047
5c88483929e4730001a0082a,intra,free,second,0.3346151008223093
5c88483929e4730001a0082a,intra,free,third,0.2099840039906344
5d95114b6bb6b7001aa35062,inter,fixed,critical,0.2657697431896594
5d95114b6bb6b7001aa35062,inter,fixed,first,0.2525410538294229
5d95114b6bb6b7001aa35062,inter,fixed,second,0.22503333263335173
5d95114b6bb6b7001aa35062,inter,fixed,third,0.256655870347566
5d95114b6bb6b7001aa35062,inter,free,critical,0.2681367672394334
5d95114b6bb6b7001aa35062,inter,free,first,0.25311730988849956
5d95114b6bb6b7001aa35062,inter,free,second,0.23020139014003435
5d95114b6bb6b7001aa35062,inter,free,third,0.24854453273203264
5d95114b6bb6b7001aa35062,intra,fixed,critical,0.28410751165915343
5d95114b6bb6b7001aa35062,intra,fixed,first,0.23533147074210203
5d95114b6bb6b7001aa35062,intra,fixed,second,0.25316857839382656
5d95114b6bb6b7001aa35062,intra,fixed,third,0.22739243920491795
5d95114b6bb6b7001aa35062,intra,free,critical,0.2624273438164663
5d95114b6bb6b7001aa35062,intra,free,first,0.23061007319538884
5d95114b6bb6b7001aa35062,intra,free,second,0.256687333843692
5d95114b6bb6b7001aa35062,intra,free,third,0.25027524914445287
5db0c396ff30f700136bc805,inter,fixed,critical,0.5969396794894906
5db0c396ff30f700136bc805,inter,fixed,first,0.13475053131656292
5db0c396ff30f700136bc805,inter,fixed,second,0.12181757031469193
5db0c396ff30f700136bc805,inter,fixed,third,0.14649221887925457
5db0c396ff30f700136bc805,inter,free,critical,0.5609676042816181
5db0c396ff30f700136bc805,inter,free,first,0.1565689340025763
5db0c396ff30f700136bc805,inter,free,second,0.11200119698037049
5db0c396ff30f700136bc805,inter,free,third,0.1704622647354351
5db0c396ff30f700136bc805,intra,fixed,critical,0.5262902421183697
5db0c396ff30f700136bc805,intra,fixed,first,0.20907073320544767
5db0c396ff30f700136bc805,intra,fixed,second,0.1081137444408678
5db0c396ff30f700136bc805,intra,fixed,third,0.15652528023531487
5db0c396ff30f700136bc805,intra,free,critical,0.4465552048934309
5db0c396ff30f700136bc805,intra,free,first,0.1887530384640278
5db0c396ff30f700136bc805,intra,free,second,0.15175025270806503
5db0c396ff30f700136bc805,intra,free,third,0.21294150393447625
5ea84c88ea131626bbcc6dbf,inter,fixed,critical,0.5750969230769586
5ea84c88ea131626bbcc6dbf,inter,fixed,first,0.16450087817232734
5ea84c88ea131626bbcc6dbf,inter,fixed,second,0.15263342333725852
5ea84c88ea131626bbcc6dbf,inter,fixed,third,0.1077687754134555
5ea84c88ea131626bbcc6dbf,inter,free,critical,0.3438667363668201
5ea84c88ea131626bbcc6dbf,inter,free,first,0.19260994418079752
5ea84c88ea131626bbcc6dbf,inter,free,second,0.20685736145000772
5ea84c88ea131626bbcc6dbf,inter,free,third,0.2566659580023747
5ea84c88ea131626bbcc6dbf,intra,fixed,critical,0.45780108860431606
5ea84c88ea131626bbcc6dbf,intra,fixed,first,0.22111118325780407
5ea84c88ea131626bbcc6dbf,intra,fixed,second,0.12070428786823616
5ea84c88ea131626bbcc6dbf,intra,fixed,third,0.2003834402696437
5ea84c88ea131626bbcc6dbf,intra,free,critical,0.2629551782449604
5ea84c88ea131626bbcc6dbf,intra,free,first,0.2724648468701345
5ea84c88ea131626bbcc6dbf,intra,free,second,0.14784125504980217
5ea84c88ea131626bbcc6dbf,intra,free,third,0.31673871983510293
5ea936e503a71a000af12d7b,inter,fixed,critical,0.3178371468605196
5ea936e503a71a000af12d7b,inter,fixed,first,0.25833123644390416
5ea936e503a71a000af12d7b,inter,fixed,second,0.21096290997762887
5ea936e503a71a000af12d7b,inter,fixed,third,0.21286870671794736
5ea936e503a71a000af12d7b,inter,free,critical,0.5576010493376335
5ea936e503a71a000af12d7b,inter,free,first,0.11198523991193217
5ea936e503a71a000af12d7b,inter,free,second,0.12913488175647764
5ea936e503a71a000af12d7b,inter,free,third,0.2012788289939566
5ea936e503a71a000af12d7b,intra,fixed,critical,0.2870096028538531
5ea936e503a71a000af12d7b,intra,fixed,first,0.250649849067319
5ea936e503a71a000af12d7b,intra,fixed,second,0.24375834491141543
5ea936e503a71a000af12d7b,intra,fixed,third,0.21858220316741245
5ea936e503a71a000af12d7b,intra,free,critical,0.5479100262794183
5ea936e503a71a000af12d7b,intra,free,first,0.2008498331680072
5ea936e503a71a000af12d7b,intra,free,second,0.13277328159048285
5ea936e503a71a000af12d7b,intra,free,third,0.11846685896209164
5eb71fc6fd7bde63f2b5bb94,inter,fixed,critical,0.27712041776104307
5eb71fc6fd7bde63f2b5bb94,inter,fixed,first,0.28343987766669626
5eb71fc6fd7bde63f2b5bb94,inter,fixed,second,0.1751394499794346
5eb71fc6fd7bde63f2b5bb94,inter,fixed,third,0.2643002545928261
5eb71fc6fd7bde63f2b5bb94,inter,free,critical,0.23427113090479842
5eb71fc6fd7bde63f2b5bb94,inter,free,first,0.3005799916466042
5eb71fc6fd7bde63f2b5bb94,inter,free,second,0.24017510355271673
5eb71fc6fd7bde63f2b5bb94,inter,free,third,0.22497377389588064
5eb71fc6fd7bde63f2b5bb94,intra,fixed,critical,0.18042413126298826
5eb71fc6fd7bde63f2b5bb94,intra,fixed,first,0.228413140472326
5eb71fc6fd7bde63f2b5bb94,intra,fixed,second,0.28369088380605606
5eb71fc6fd7bde63f2b5bb94,intra,fixed,third,0.3074718444586297
5eb71fc6fd7bde63f2b5bb94,intra,free,critical,0.2629701746152986
5eb71fc6fd7bde63f2b5bb94,intra,free,first,0.19700575505339304
5eb71fc6fd7bde63f2b5bb94,intra,free,second,0.23811915345649193
5eb71fc6fd7bde63f2b5bb94,intra,free,third,0.3019049168748164
5ec06105afc3710d3ece8896,inter,fixed,critical,0.26256613756613756
5ec06105afc3710d3ece8896,inter,fixed,first,0.2470238095238095
5ec06105afc3710d3ece8896,inter,fixed,second,0.2130456349206349
5ec06105afc3710d3ece8896,inter,fixed,third,0.27736441798941797
5ec06105afc3710d3ece8896,inter,free,critical,0.238047049627932
5ec06105afc3710d3ece8896,inter,free,first,0.2544092209533386
5ec06105afc3710d3ece8896,inter,free,second,0.2655283374033374
5ec06105afc3710d3ece8896,inter,free,third,0.24201539201539202
5ec06105afc3710d3ece8896,intra,fixed,critical,0.2467261904761905
5ec06105afc3710d3ece8896,intra,fixed,first,0.25984848484848483
5ec06105afc3710d3ece8896,intra,fixed,second,0.26301857864357864
5ec06105afc3710d3ece8896,intra,fixed,third,0.23040674603174605
5ec06105afc3710d3ece8896,intra,free,critical,0.2542162698412698
5ec06105afc3710d3ece8896,intra,free,first,0.2613260582010582
5ec06105afc3710d3ece8896,intra,free,second,0.23330026455026456
5ec06105afc3710d3ece8896,intra,free,third,0.2511574074074074
5ec2a21d6053200957b486f9,inter,fixed,critical,0.2292405401592911
5ec2a21d6053200957b486f9,inter,fixed,first,0.34310040380596957
5ec2a21d6053200957b486f9,inter,fixed,second,0.2084265706921897
5ec2a21d6053200957b486f9,inter,fixed,third,0.21923248534254966
5ec2a21d6053200957b486f9,inter,free,critical,0.33101506282463034
5ec2a21d6053200957b486f9,inter,free,first,0.2237812967374401
5ec2a21d6053200957b486f9,inter,free,second,0.182004667772915
5ec2a21d6053200957b486f9,inter,free,third,0.2631989726650145
5ec2a21d6053200957b486f9,intra,fixed,critical,0.23136981814268956
5ec2a21d6053200957b486f9,intra,fixed,first,0.21374111239840646
5ec2a21d6053200957b486f9,intra,fixed,second,0.2446017308946944
5ec2a21d6053200957b486f9,intra,fixed,third,0.3102873385642096
5ec2a21d6053200957b486f9,intra,free,critical,0.4213229973433631
5ec2a21d6053200957b486f9,intra,free,first,0.208398499887322
5ec2a21d6053200957b486f9,intra,free,second,0.1715924907196512
5ec2a21d6053200957b486f9,intra,free,third,0.19868601204966374
5eea0182104faf000a1c2f57,inter,fixed,critical,0.22242007723351218
5eea0182104faf000a1c2f57,inter,fixed,first,0.23679551833074441
5eea0182104faf000a1c2f57,inter,fixed,second,0.22338329384874017
5eea0182104faf000a1c2f57,inter,fixed,third,0.3174011105870032
5eea0182104faf000a1c2f57,inter,free,critical,0.43010191876864867
5eea0182104faf000a1c2f57,inter,free,first,0.24381059256114213
5eea0182104faf000a1c2f57,inter,free,second,0.14443757039554136
5eea0182104faf000a1c2f57,inter,free,third,0.18164991827466787
5eea0182104faf000a1c2f57,intra,fixed,critical,0.1981434623513222
5eea0182104faf000a1c2f57,intra,fixed,first,0.3243953305065284
5eea0182104faf000a1c2f57,intra,fixed,second,0.23742631924920138
5eea0182104faf000a1c2f57,intra,fixed,third,0.24003488789294797
5eea0182104faf000a1c2f57,intra,free,critical,0.3497706519362144
5eea0182104faf000a1c2f57,intra,free,first,0.29295112372822685
5eea0182104faf000a1c2f57,intra,free,second,0.25196459053011205
5eea0182104faf000a1c2f57,intra,free,third,0.10531363380544673
5ef9f6fecb96bd7c205e2d70,inter,fixed,critical,0.25261417472264597
5ef9f6fecb96bd7c205e2d70,inter,fixed,first,0.2664254813194655
5ef9f6fecb96bd7c205e2d70,inter,fixed,second,0.231953701873541
5ef9f6fecb96bd7c205e2d70,inter,fixed,third,0.24900664208434753
5ef9f6fecb96bd7c205e2d70,inter,free,critical,0.3287489876232519
5ef9f6fecb96bd7c205e2d70,inter,free,first,0.17483922059010215
5ef9f6fecb96bd7c205e2d70,inter,free,second,0.225339408901056
5ef9f6fecb96bd7c205e2d70,inter,free,third,0.27107238288559
5ef9f6fecb96bd7c205e2d70,intra,fixed,critical,0.2612016921222292
5ef9f6fecb96bd7c205e2d70,intra,fixed,first,0.24170568293637062
5ef9f6fecb96bd7c205e2d70,intra,fixed,second,0.25850394537347604
5ef9f6fecb96bd7c205e2d70,intra,fixed,third,0.23858867956792415
5ef9f6fecb96bd7c205e2d70,intra,free,critical,0.2314194404103316
5ef9f6fecb96bd7c205e2d70,intra,free,first,0.23532270642377623
5ef9f6fecb96bd7c205e2d70,intra,free,second,0.2787233872204834
5ef9f6fecb96bd7c205e2d70,intra,free,third,0.2545344659454088
5efc7c87ae067d024d35278b,inter,fixed,critical,0.21144262686930657
5efc7c87ae067d024d35278b,inter,fixed,first,0.3220191150288246
5efc7c87ae067d024d35278b,inter,fixed,second,0.25995830262627534
5efc7c87ae067d024d35278b,inter,fixed,third,0.2065799554755935
5efc7c87ae067d024d35278b,inter,free,critical,0.2530284968575701
5efc7c87ae067d024d35278b,inter,free,first,0.2119357557844212
5efc7c87ae067d024d35278b,inter,free,second,0.27519369859887827
5efc7c87ae067d024d35278b,inter,free,third,0.2598420487591305
5efc7c87ae067d024d35278b,intra,fixed,critical,0.22782724364875417
5efc7c87ae067d024d35278b,intra,fixed,first,0.25529949294578924
5efc7c87ae067d024d35278b,intra,fixed,second,0.2472466525911393
5efc7c87ae067d024d35278b,intra,fixed,third,0.2696266108143173
5efc7c87ae067d024d35278b,intra,free,critical,0.2549587437668619
5efc7c87ae067d024d35278b,intra,free,first,0.24552590432769555
5efc7c87ae067d024d35278b,intra,free,second,0.2524238465660904
5efc7c87ae067d024d35278b,intra,free,third,0.24709150533935217
5f1d3667ed2efa62bbcfe896,inter,fixed,critical,0.30838924208636365
5f1d3667ed2efa62bbcfe896,inter,fixed,first,0.19232429823260555
5f1d3667ed2efa62bbcfe896,inter,fixed,second,0.2926116544910151
5f1d3667ed2efa62bbcfe896,inter,fixed,third,0.20667480519001563
5f1d3667ed2efa62bbcfe896,inter,free,critical,0.26694923629098183
5f1d3667ed2efa62bbcfe896,inter,free,first,0.20781430433795128
5f1d3667ed2efa62bbcfe896,inter,free,second,0.2371326763865298
5f1d3667ed2efa62bbcfe896,inter,free,third,0.28810378298453704
5f1d3667ed2efa62bbcfe896,intra,fixed,critical,0.21449590299925844
5f1d3667ed2efa62bbcfe896,intra,fixed,first,0.2896782511367423
5f1d3667ed2efa62bbcfe896,intra,fixed,second,0.2685447056014667
5f1d3667ed2efa62bbcfe896,intra,fixed,third,0.22728114026253257
5f1d3667ed2efa62bbcfe896,intra,free,critical,0.24844404445051324
5f1d3667ed2efa62bbcfe896,intra,free,first,0.25854425072712656
5f1d3667ed2efa62bbcfe896,intra,free,second,0.18710560335007573
5f1d3667ed2efa62bbcfe896,intra,free,third,0.3059061014722845
5f296bdd68d6c205b3ad89c4,inter,fixed,critical,0.25
5f296bdd68d6c205b3ad89c4,inter,fixed,first,0.25
5f296bdd68d6c205b3ad89c4,inter,fixed,second,0.25
5f296bdd68d6c205b3ad89c4,inter,fixed,third,0.25
5f296bdd68d6c205b3ad89c4,inter,free,critical,0.25
5f296bdd68d6c205b3ad89c4,inter,free,first,0.25
5f296bdd68d6c205b3ad89c4,inter,free,second,0.25
5f296bdd68d6c205b3ad89c4,inter,free,third,0.25
5f296bdd68d6c205b3ad89c4,intra,fixed,critical,0.25
5f296bdd68d6c205b3ad89c4,intra,fixed,first,0.25
5f296bdd68d6c205b3ad89c4,intra,fixed,second,0.25
5f296bdd68d6c205b3ad89c4,intra,fixed,third,0.25
5f296bdd68d6c205b3ad89c4,intra,free,critical,0.25
5f296bdd68d6c205b3ad89c4,intra,free,first,0.25
5f296bdd68d6c205b3ad89c4,intra,free,second,0.25
5f296bdd68d6c205b3ad89c4,intra,free,third,0.25
5f2e468c382da41a78d6789e,inter,fixed,critical,0.23949848225796386
5f2e468c382da41a78d6789e,inter,fixed,first,0.31010806974457894
5f2e468c382da41a78d6789e,inter,fixed,second,0.18768620924587606
5f2e468c382da41a78d6789e,inter,fixed,third,0.2627072387515812
5f2e468c382da41a78d6789e,inter,free,critical,0.4389517539053178
5f2e468c382da41a78d6789e,inter,free,first,0.14158685118097794
5f2e468c382da41a78d6789e,inter,free,second,0.1712390076391419
5f2e468c382da41a78d6789e,inter,free,third,0.24822238727456233
5f2e468c382da41a78d6789e,intra,fixed,critical,0.2807754270231914
5f2e468c382da41a78d6789e,intra,fixed,first,0.2550999960505607
5f2e468c382da41a78d6789e,intra,fixed,second,0.2338384578383735
5f2e468c382da41a78d6789e,intra,fixed,third,0.23028611908787433
5f2e468c382da41a78d6789e,intra,free,critical,0.40953051462354934
5f2e468c382da41a78d6789e,intra,free,first,0.17778029101305373
5f2e468c382da41a78d6789e,intra,free,second,0.14903154449656847
5f2e468c382da41a78d6789e,intra,free,third,0.26365764986682844
5f5482f181dfe77f7af03a04,inter,fixed,critical,0.27444076818237534
5f5482f181dfe77f7af03a04,inter,fixed,first,0.2636491721089218
5f5482f181dfe77f7af03a04,inter,fixed,second,0.2040069408006686
5f5482f181dfe77f7af03a04,inter,fixed,third,0.25790311890803425
5f5482f181dfe77f7af03a04,inter,free,critical,0.31783141473177556
5f5482f181dfe77f7af03a04,inter,free,first,0.19381722057161158
5f5482f181dfe77f7af03a04,inter,free,second,0.276458677728965
5f5482f181dfe77f7af03a04,inter,free,third,0.21189268696764782
5f5482f181dfe77f7af03a04,intra,fixed,critical,0.31498396256103584
5f5482f181dfe77f7af03a04,intra,fixed,first,0.2484490191926741
5f5482f181dfe77f7af03a04,intra,fixed,second,0.21034534794368429
5f5482f181dfe77f7af03a04,intra,fixed,third,0.22622167030260576
5f5482f181dfe77f7af03a04,intra,free,critical,0.26751114716417707
5f5482f181dfe77f7af03a04,intra,free,first,0.18172973211715635
5f5482f181dfe77f7af03a04,intra,free,second,0.2619338925868734
5f5482f181dfe77f7af03a04,intra,free,third,0.2888252281317932
5f633b9cefb7743ed669dbe9,inter,fixed,critical,0.308115793835975
5f633b9cefb7743ed669dbe9,inter,fixed,first,0.20895196039370276
5f633b9cefb7743ed669dbe9,inter,fixed,second,0.24768962099724542
5f633b9cefb7743ed669dbe9,inter,fixed,third,0.23524262477307684
5f633b9cefb7743ed669dbe9,inter,free,critical,0.2549041397340313
5f633b9cefb7743ed669dbe9,inter,free,first,0.22273040273322597
5f633b9cefb7743ed669dbe9,inter,free,second,0.25093486137583226
5f633b9cefb7743ed669dbe9,inter,free,third,0.2714305961569104
5f633b9cefb7743ed669dbe9,intra,fixed,critical,0.3101410096907489
5f633b9cefb7743ed669dbe9,intra,fixed,first,0.21068616317277233
5f633b9cefb7743ed669dbe9,intra,fixed,second,0.18630095508109099
5f633b9cefb7743ed669dbe9,intra,fixed,third,0.2928718720553877
5f633b9cefb7743ed669dbe9,intra,free,critical,0.3195996039051677
5f633b9cefb7743ed669dbe9,intra,free,first,0.1906151924345728
5f633b9cefb7743ed669dbe9,intra,free,second,0.24385414317215537
5f633b9cefb7743ed669dbe9,intra,free,third,0.2459310604881041
5f6cbceb1758e90a22144647,inter,fixed,critical,0.2986928748776802
5f6cbceb1758e90a22144647,inter,fixed,first,0.24456176758417988
5f6cbceb1758e90a22144647,inter,fixed,second,0.1891945137946229
5f6cbceb1758e90a22144647,inter,fixed,third,0.267550843743517
5f6cbceb1758e90a22144647,inter,free,critical,0.20505316532987894
5f6cbceb1758e90a22144647,inter,free,first,0.3148525341246971
5f6cbceb1758e90a22144647,inter,free,second,0.2331708269552906
5f6cbceb1758e90a22144647,inter,free,third,0.24692347359013336
5f6cbceb1758e90a22144647,intra,fixed,critical,0.28425897689717106
5f6cbceb1758e90a22144647,intra,fixed,first,0.2987095166905992
5f6cbceb1758e90a22144647,intra,fixed,second,0.2265355156048166
5f6cbceb1758e90a22144647,intra,fixed,third,0.1904959908074131
5f6cbceb1758e90a22144647,intra,free,critical,0.21990441853146492
5f6cbceb1758e90a22144647,intra,free,first,0.2825241131372749
5f6cbceb1758e90a22144647,intra,free,second,0.2614181051541153
5f6cbceb1758e90a22144647,intra,free,third,0.2361533631771449
5f7c9ab9b52d920f0aa8ab4e,inter,fixed,critical,0.25006796576151247
5f7c9ab9b52d920f0aa8ab4e,inter,fixed,first,0.30687439998767896
5f7c9ab9b52d920f0aa8ab4e,inter,fixed,second,0.24334813720327805
5f7c9ab9b52d920f0aa8ab4e,inter,fixed,third,0.19970949704753052
5f7c9ab9b52d920f0aa8ab4e,inter,free,critical,0.27187451791882333
5f7c9ab9b52d920f0aa8ab4e,inter,free,first,0.2990159595409549
5f7c9ab9b52d920f0aa8ab4e,inter,free,second,0.22125066539801047
5f7c9ab9b52d920f0aa8ab4e,inter,free,third,0.2078588571422113
5f7c9ab9b52d920f0aa8ab4e,intra,fixed,critical,0.2429323685191434
5f7c9ab9b52d920f0aa8ab4e,intra,fixed,first,0.2778391080807236
5f7c9ab9b52d920f0aa8ab4e,intra,fixed,second,0.20788144938536057
5f7c9ab9b52d920f0aa8ab4e,intra,fixed,third,0.2713470740147724
5f7c9ab9b52d920f0aa8ab4e,intra,free,critical,0.29031793189779137
5f7c9ab9b52d920f0aa8ab4e,intra,free,first,0.28561344611675493
5f7c9ab9b52d920f0aa8ab4e,intra,free,second,0.2479140570740987
5f7c9ab9b52d920f0aa8ab4e,intra,free,third,0.17615456491135498
5f86350a35f8151889dc8bfc,inter,fixed,critical,0.20381549078517888
5f86350a35f8151889dc8bfc,inter,fixed,first,0.229444105714816
5f86350a35f8151889dc8bfc,inter,fixed,second,0.288875617604316
5f86350a35f8151889dc8bfc,inter,fixed,third,0.2778647858956891
5f86350a35f8151889dc8bfc,inter,free,critical,0.2437924324215265
5f86350a35f8151889dc8bfc,inter,free,first,0.23608215334246546
5f86350a35f8151889dc8bfc,inter,free,second,0.2591208303941549
5f86350a35f8151889dc8bfc,inter,free,third,0.2610045838418531
5f86350a35f8151889dc8bfc,intra,fixed,critical,0.2592665341943275
5f86350a35f8151889dc8bfc,intra,fixed,first,0.25393195986163614
5f86350a35f8151889dc8bfc,intra,fixed,second,0.2259943833428783
5f86350a35f8151889dc8bfc,intra,fixed,third,0.26080712260115807
5f86350a35f8151889dc8bfc,intra,free,critical,0.32030323958768386
5f86350a35f8151889dc8bfc,intra,free,first,0.2253794892267751
5f86350a35f8151889dc8bfc,intra,free,second,0.19497597273551048
5f86350a35f8151889dc8bfc,intra,free,third,0.2593412984500306
5f8d838e7ecb0107fa3f56ac,inter,fixed,critical,0.2606631959831624
5f8d838e7ecb0107fa3f56ac,inter,fixed,first,0.20657422662746922
5f8d838e7ecb0107fa3f56ac,inter,fixed,second,0.2905605293563188
5f8d838e7ecb0107fa3f56ac,inter,fixed,third,0.2422020480330496
5f8d838e7ecb0107fa3f56ac,inter,free,critical,0.23004700214421278
5f8d838e7ecb0107fa3f56ac,inter,free,first,0.2399299179878069
5f8d838e7ecb0107fa3f56ac,inter,free,second,0.2894694316010945
5f8d838e7ecb0107fa3f56ac,inter,free,third,0.2405536482668858
5f8d838e7ecb0107fa3f56ac,intra,fixed,critical,0.2616988974036748
5f8d838e7ecb0107fa3f56ac,intra,fixed,first,0.2113886312949569
5f8d838e7ecb0107fa3f56ac,intra,fixed,second,0.25461147500023523
5f8d838e7ecb0107fa3f56ac,intra,fixed,third,0.272300996301133
5f8d838e7ecb0107fa3f56ac,intra,free,critical,0.29091195919069746
5f8d838e7ecb0107fa3f56ac,intra,free,first,0.24626842797695894
5f8d838e7ecb0107fa3f56ac,intra,free,second,0.2674950314542183
5f8d838e7ecb0107fa3f56ac,intra,free,third,0.1953245813781253
5fa172f66e1f192715cbb6cb,inter,fixed,critical,0.26517418482874117
5fa172f66e1f192715cbb6cb,inter,fixed,first,0.24264605219982915
5fa172f66e1f192715cbb6cb,inter,fixed,second,0.2949765919288364
5fa172f66e1f192715cbb6cb,inter,fixed,third,0.19720317104259327
5fa172f66e1f192715cbb6cb,inter,free,critical,0.27115088740719717
5fa172f66e1f192715cbb6cb,inter,free,first,0.26627450084008747
5fa172f66e1f192715cbb6cb,inter,free,second,0.23775658683825504
5fa172f66e1f192715cbb6cb,inter,free,third,0.22481802491446032
5fa172f66e1f192715cbb6cb,intra,fixed,critical,0.2542715653465245
5fa172f66e1f192715cbb6cb,intra,fixed,first,0.32266504203940194
5fa172f66e1f192715cbb6cb,intra,fixed,second,0.252845801659945
5fa172f66e1f192715cbb6cb,intra,fixed,third,0.1702175909541285
5fa172f66e1f192715cbb6cb,intra,free,critical,0.3138705886653607
5fa172f66e1f192715cbb6cb,intra,free,first,0.23797232255956874
5fa172f66e1f192715cbb6cb,intra,free,second,0.21716829819787195
5fa172f66e1f192715cbb6cb,intra,free,third,0.23098879057719857
5fa85bb0f42ac66c2870f6cd,inter,fixed,critical,0.39160978944367525
5fa85bb0f42ac66c2870f6cd,inter,fixed,first,0.19763096658403806
5fa85bb0f42ac66c2870f6cd,inter,fixed,second,0.29129952110098084
5fa85bb0f42ac66c2870f6cd,inter,fixed,third,0.11945972287130588
5fa85bb0f42ac66c2870f6cd,inter,free,critical,0.29048911855403853
5fa85bb0f42ac66c2870f6cd,inter,free,first,0.24388820839100045
5fa85bb0f42ac66c2870f6cd,inter,free,second,0.2476913676561467
5fa85bb0f42ac66c2870f6cd,inter,free,third,0.2179313053988143
5fa85bb0f42ac66c2870f6cd,intra,fixed,critical,0.30828623977035213
5fa85bb0f42ac66c2870f6cd,intra,fixed,first,0.22067643345030663
5fa85bb0f42ac66c2870f6cd,intra,fixed,second,0.30385779317675016
5fa85bb0f42ac66c2870f6cd,intra,fixed,third,0.1671795336025911
5fa85bb0f42ac66c2870f6cd,intra,free,critical,0.297357530840128
5fa85bb0f42ac66c2870f6cd,intra,free,first,0.20968432067479462
5fa85bb0f42ac66c2870f6cd,intra,free,second,0.15358714491981795
5fa85bb0f42ac66c2870f6cd,intra,free,third,0.3393710035652594
5fad636df4e32e0750de8005,inter,fixed,critical,0.2470713814876917
5fad636df4e32e0750de8005,inter,fixed,first,0.25700595837685913
5fad636df4e32e0750de8005,inter,fixed,second,0.264716098713631
5fad636df4e32e0750de8005,inter,fixed,third,0.23120656142181814
5fad636df4e32e0750de8005,inter,free,critical,0.26803864770947405
5fad636df4e32e0750de8005,inter,free,first,0.17341858295617377
5fad636df4e32e0750de8005,inter,free,second,0.2533981709141518
5fad636df4e32e0750de8005,inter,free,third,0.3051445984202004
5fad636df4e32e0750de8005,intra,fixed,critical,0.23152949412892074
5fad636df4e32e0750de8005,intra,fixed,first,0.261965195532511
5fad636df4e32e0750de8005,intra,fixed,second,0.22989223475556447
5fad636df4e32e0750de8005,intra,fixed,third,0.27661307558300374
5fad636df4e32e0750de8005,intra,free,critical,0.30936897551103376
5fad636df4e32e0750de8005,intra,free,first,0.22805463763428468
5fad636df4e32e0750de8005,intra,free,second,0.26930617069696344
5fad636df4e32e0750de8005,intra,free,third,0.1932702161577181
5fc29c6742cb43153f7e8870,inter,fixed,critical,0.2768187818057009
5fc29c6742cb43153f7e8870,inter,fixed,first,0.22617406077304938
5fc29c6742cb43153f7e8870,inter,fixed,second,0.27006779583740986
5fc29c6742cb43153f7e8870,inter,fixed,third,0.22693936158383987
5fc29c6742cb43153f7e8870,inter,free,critical,0.2601033419801404
5fc29c6742cb43153f7e8870,inter,free,first,0.2619891681605238
5fc29c6742cb43153f7e8870,inter,free,second,0.22557316209584471
5fc29c6742cb43153f7e8870,inter,free,third,0.2523343277634911
5fc29c6742cb43153f7e8870,intra,fixed,critical,0.29466788270641514
5fc29c6742cb43153f7e8870,intra,fixed,first,0.23449454811596743
5fc29c6742cb43153f7e8870,intra,fixed,second,0.230548104740892
5fc29c6742cb43153f7e8870,intra,fixed,third,0.24028946443672544
5fc29c6742cb43153f7e8870,intra,free,critical,0.18498886549277532
5fc29c6742cb43153f7e8870,intra,free,first,0.2689407524342854
5fc29c6742cb43153f7e8870,intra,free,second,0.30680319736112344
5fc29c6742cb43153f7e8870,intra,free,third,0.23926718471181585
5fd8e74e10a1dd0008704932,inter,fixed,critical,0.2539629026624202
5fd8e74e10a1dd0008704932,inter,fixed,first,0.21611644817888742
5fd8e74e10a1dd0008704932,inter,fixed,second,0.2501676925904876
5fd8e74e10a1dd0008704932,inter,fixed,third,0.27975295656820476
5fd8e74e10a1dd0008704932,inter,free,critical,0.3499443628623516
5fd8e74e10a1dd0008704932,inter,free,first,0.2697087011163852
5fd8e74e10a1dd0008704932,inter,free,second,0.16865597856580328
5fd8e74e10a1dd0008704932,inter,free,third,0.21169095745545993
5fd8e74e10a1dd0008704932,intra,fixed,critical,0.3259197418109764
5fd8e74e10a1dd0008704932,intra,fixed,first,0.26823124073934046
5fd8e74e10a1dd0008704932,intra,fixed,second,0.12401519079096046
5fd8e74e10a1dd0008704932,intra,fixed,third,0.28183382665872275
5fd8e74e10a1dd0008704932,intra,free,critical,0.30470095791305624
5fd8e74e10a1dd0008704932,intra,free,first,0.26991019919352277
5fd8e74e10a1dd0008704932,intra,free,second,0.193300105693681
5fd8e74e10a1dd0008704932,intra,free,third,0.23208873719974
5fedc499d92c4a83e5d18e93,inter,fixed,critical,0.2940231825513536
5fedc499d92c4a83e5d18e93,inter,fixed,first,0.27552330879896747
5fedc499d92c4a83e5d18e93,inter,fixed,second,0.16173497063806366
5fedc499d92c4a83e5d18e93,inter,fixed,third,0.2687185380116152
5fedc499d92c4a83e5d18e93,inter,free,critical,0.2976576404702171
5fedc499d92c4a83e5d18e93,inter,free,first,0.20442337792072732
5fedc499d92c4a83e5d18e93,inter,free,second,0.21086469111559736
5fedc499d92c4a83e5d18e93,inter,free,third,0.2870542904934582
5fedc499d92c4a83e5d18e93,intra,fixed,critical,0.27994551317668065
5fedc499d92c4a83e5d18e93,intra,fixed,first,0.20873278664984468
5fedc499d92c4a83e5d18e93,intra,fixed,second,0.32101896226142135
5fedc499d92c4a83e5d18e93,intra,fixed,third,0.1903027379120533
5fedc499d92c4a83e5d18e93,intra,free,critical,0.2475190144673902
5fedc499d92c4a83e5d18e93,intra,free,first,0.26005568609008156
5fedc499d92c4a83e5d18e93,intra,free,second,0.2506936595364149
5fedc499d92c4a83e5d18e93,intra,free,third,0.24173163990611332
600b20816045db14f99b7ad9,inter,fixed,critical,0.254496242856082
600b20816045db14f99b7ad9,inter,fixed,first,0.29740726116475424
600b20816045db14f99b7ad9,inter,fixed,second,0.2899176353998943
600b20816045db14f99b7ad9,inter,fixed,third,0.1581788605792695
600b20816045db14f99b7ad9,inter,free,critical,0.24874580967927318
600b20816045db14f99b7ad9,inter,free,first,0.2526471796972188
600b20816045db14f99b7ad9,inter,free,second,0.20132204204663032
600b20816045db14f99b7ad9,inter,free,third,0.2972849685768777
600b20816045db14f99b7ad9,intra,fixed,critical,0.15154734609183326
600b20816045db14f99b7ad9,intra,fixed,first,0.3398236722852066
600b20816045db14f99b7ad9,intra,fixed,second,0.35169815519286124
600b20816045db14f99b7ad9,intra,fixed,third,0.15693082643009892
600b20816045db14f99b7ad9,intra,free,critical,0.22089409995607664
600b20816045db14f99b7ad9,intra,free,first,0.2209453500398407
600b20816045db14f99b7ad9,intra,free,second,0.24907038432401504
600b20816045db14f99b7ad9,intra,free,third,0.30909016568006764
600eb129f2232e76d855ab1d,inter,fixed,critical,0.2876356980692847
600eb129f2232e76d855ab1d,inter,fixed,first,0.23253728035946386
600eb129f2232e76d855ab1d,inter,fixed,second,0.24117187381446306
600eb129f2232e76d855ab1d,inter,fixed,third,0.23865514775678842
600eb129f2232e76d855ab1d,inter,free,critical,0.25853314033460345
600eb129f2232e76d855ab1d,inter,free,first,0.2127227130996148
600eb129f2232e76d855ab1d,inter,free,second,0.24851641911456845
600eb129f2232e76d855ab1d,inter,free,third,0.28022772745121327
600eb129f2232e76d855ab1d,intra,fixed,critical,0.2599211031566304
600eb129f2232e76d855ab1d,intra,fixed,first,0.2587565713738717
600eb129f2232e76d855ab1d,intra,fixed,second,0.2803489124629544
600eb129f2232e76d855ab1d,intra,fixed,third,0.20097341300654342
600eb129f2232e76d855ab1d,intra,free,critical,0.38799222234297054
600eb129f2232e76d855ab1d,intra,free,first,0.2351908272976551
600eb129f2232e76d855ab1d,intra,free,second,0.10607436911556661
600eb129f2232e76d855ab1d,intra,free,third,0.2707425812438078
601912bdba58d50172d0c737,inter,fixed,critical,0.266688997800368
601912bdba58d50172d0c737,inter,fixed,first,0.24996797694193448
601912bdba58d50172d0c737,inter,fixed,second,0.2142442275178811
601912bdba58d50172d0c737,inter,fixed,third,0.26909879773981643
601912bdba58d50172d0c737,inter,free,critical,0.321641642664681
601912bdba58d50172d0c737,inter,free,first,0.29383025860306683
601912bdba58d50172d0c737,inter,free,second,0.16238694899178646
601912bdba58d50172d0c737,inter,free,third,0.22214114974046573
601912bdba58d50172d0c737,intra,fixed,critical,0.25419716546232457
601912bdba58d50172d0c737,intra,fixed,first,0.3239594723780532
601912bdba58d50172d0c737,intra,fixed,second,0.21578356387031736
601912bdba58d50172d0c737,intra,fixed,third,0.20605979828930487
601912bdba58d50172d0c737,intra,free,critical,0.3694238433252019
601912bdba58d50172d0c737,intra,free,first,0.23279631165857373
601912bdba58d50172d0c737,intra,free,second,0.1127981344932514
601912bdba58d50172d0c737,intra,free,third,0.284981710522973
602bfa74abe14141ae89b2fe,inter,fixed,critical,0.33152633002601767
602bfa74abe14141ae89b2fe,inter,fixed,first,0.1580298103897386
602bfa74abe14141ae89b2fe,inter,fixed,second,0.2782906317203367
602bfa74abe14141ae89b2fe,inter,fixed,third,0.2321532278639071
602bfa74abe14141ae89b2fe,inter,free,critical,0.3524782318430093
602bfa74abe14141ae89b2fe,inter,free,first,0.25739250823742593
602bfa74abe14141ae89b2fe,inter,free,second,0.15377804392385305
602bfa74abe14141ae89b2fe,inter,free,third,0.23635121599571174
602bfa74abe14141ae89b2fe,intra,fixed,critical,0.2690489457178427
602bfa74abe14141ae89b2fe,intra,fixed,first,0.2261991878793741
602bfa74abe14141ae89b2fe,intra,fixed,second,0.2668395869758788
602bfa74abe14141ae89b2fe,intra,fixed,third,0.23791227942690443
602bfa74abe14141ae89b2fe,intra,free,critical,0.33704321035530177
602bfa74abe14141ae89b2fe,intra,free,first,0.23826426312828722
602bfa74abe14141ae89b2fe,intra,free,second,0.1551425841297729
602bfa74abe14141ae89b2fe,intra,free,third,0.2695499423866381
602c118b24ce4c45b861b80f,inter,fixed,critical,0.24179464168262071
602c118b24ce4c45b861b80f,inter,fixed,first,0.24842012895437168
602c118b24ce4c45b861b80f,inter,fixed,second,0.2551036799025838
602c118b24ce4c45b861b80f,inter,fixed,third,0.2546815494604238
602c118b24ce4c45b861b80f,inter,free,critical,0.2826886720583461
602c118b24ce4c45b861b80f,inter,free,first,0.2490676934325909
602c118b24ce4c45b861b80f,inter,free,second,0.22903601191270517
602c118b24ce4c45b861b80f,inter,free,third,0.2392076225963579
602c118b24ce4c45b861b80f,intra,fixed,critical,0.258791595838036
602c118b24ce4c45b861b80f,intra,fixed,first,0.2790027671065297
602c118b24ce4c45b861b80f,intra,fixed,second,0.22687074652094202
602c118b24ce4c45b861b80f,intra,fixed,third,0.23533489053449225
602c118b24ce4c45b861b80f,intra,free,critical,0.3006459902246478
602c118b24ce4c45b861b80f,intra,free,first,0.2219792946251364
602c118b24ce4c45b861b80f,intra,free,second,0.22212313535093015
602c118b24ce4c45b861b80f,intra,free,third,0.2552515797992857
602f69ce775c55c4b3ceeabb,inter,fixed,critical,0.2662149956594491
602f69ce775c55c4b3ceeabb,inter,fixed,first,0.2567180136055416
602f69ce775c55c4b3ceeabb,inter,fixed,second,0.25549082401568746
602f69ce775c55c4b3ceeabb,inter,fixed,third,0.22157616671932187
602f69ce775c55c4b3ceeabb,inter,free,critical,0.21364978393988615
602f69ce775c55c4b3ceeabb,inter,free,first,0.263331333748365
602f69ce775c55c4b3ceeabb,inter,free,second,0.24892625170479715
602f69ce775c55c4b3ceeabb,inter,free,third,0.2740926306069517
602f69ce775c55c4b3ceeabb,intra,fixed,critical,0.2045916102360224
602f69ce775c55c4b3ceeabb,intra,fixed,first,0.2836383334245284
602f69ce775c55c4b3ceeabb,intra,fixed,second,0.26009497853840036
602f69ce775c55c4b3ceeabb,intra,fixed,third,0.25167507780104886
602f69ce775c55c4b3ceeabb,intra,free,critical,0.32043417120631484
602f69ce775c55c4b3ceeabb,intra,free,first,0.2623683324295514
602f69ce775c55c4b3ceeabb,intra,free,second,0.17101032699858512
602f69ce775c55c4b3ceeabb,intra,free,third,0.24618716936554869
603048cc746452ebcc634a04,inter,fixed,critical,0.3040955078748283
603048cc746452ebcc634a04,inter,fixed,first,0.27577953502900576
603048cc746452ebcc634a04,inter,fixed,second,0.22810746068169974
603048cc746452ebcc634a04,inter,fixed,third,0.19201749641446617
603048cc746452ebcc634a04,inter,free,critical,0.33937436367558294
603048cc746452ebcc634a04,inter,free,first,0.2288093882744205
603048cc746452ebcc634a04,inter,free,second,0.17076379498491165
603048cc746452ebcc634a04,inter,free,third,0.2610524530650849
603048cc746452ebcc634a04,intra,fixed,critical,0.3045841364143651
603048cc746452ebcc634a04,intra,fixed,first,0.3354252400671165
603048cc746452ebcc634a04,intra,fixed,second,0.1626052964061131
603048cc746452ebcc634a04,intra,fixed,third,0.19738532711240528
603048cc746452ebcc634a04,intra,free,critical,0.2919190495373211
603048cc746452ebcc634a04,intra,free,first,0.2665901147902525
603048cc746452ebcc634a04,intra,free,second,0.17909880273792642
603048cc746452ebcc634a04,intra,free,third,0.2623920329344999
603235aece008c1eeab094fc,inter,fixed,critical,0.3381162348410173
603235aece008c1eeab094fc,inter,fixed,first,0.24593795238602079
603235aece008c1eeab094fc,inter,fixed,second,0.1638920230917567
603235aece008c1eeab094fc,inter,fixed,third,0.25205378968120523
603235aece008c1eeab094fc,inter,free,critical,0.2791124994997325
603235aece008c1eeab094fc,inter,free,first,0.23763218424328295
603235aece008c1eeab094fc,inter,free,second,0.1639304349690052
603235aece008c1eeab094fc,inter,free,third,0.3193248812879793
603235aece008c1eeab094fc,intra,fixed,critical,0.3658043943334831
603235aece008c1eeab094fc,intra,fixed,first,0.2277483876264468
603235aece008c1eeab094fc,intra,fixed,second,0.2242520221322174
603235aece008c1eeab094fc,intra,fixed,third,0.1821951959078527
603235aece008c1eeab094fc,intra,free,critical,0.23273295691779758
603235aece008c1eeab094fc,intra,free,first,0.19545695018590828
603235aece008c1eeab094fc,intra,free,second,0.280432250733605
603235aece008c1eeab094fc,intra,free,third,0.29137784216268914
603399f5ea514c052a6a2220,inter,fixed,critical,0.47892719974537806
603399f5ea514c052a6a2220,inter,fixed,first,0.2010813541530372
603399f5ea514c052a6a2220,inter,fixed,second,0.16541526047367847
603399f5ea514c052a6a2220,inter,fixed,third,0.15457618562790626
603399f5ea514c052a6a2220,inter,free,critical,0.291840633619907
603399f5ea514c052a6a2220,inter,free,first,0.23370060619380326
603399f5ea514c052a6a2220,inter,free,second,0.19010201851012254
603399f5ea514c052a6a2220,inter,free,third,0.28435674167616726
603399f5ea514c052a6a2220,intra,fixed,critical,0.41948722596559285
603399f5ea514c052a6a2220,intra,fixed,first,0.18759900658199113
603399f5ea514c052a6a2220,intra,fixed,second,0.1608638735467625
603399f5ea514c052a6a2220,intra,fixed,third,0.2320498939056535
603399f5ea514c052a6a2220,intra,free,critical,0.2892976396108904
603399f5ea514c052a6a2220,intra,free,first,0.1966566146294198
603399f5ea514c052a6a2220,intra,free,second,0.26247483172515035
603399f5ea514c052a6a2220,intra,free,third,0.2515709140345394
603420d17944c320084917ab,inter,fixed,critical,0.35641790288171865
603420d17944c320084917ab,inter,fixed,first,0.2344757962840393
603420d17944c320084917ab,inter,fixed,second,0.204659994825436
603420d17944c320084917ab,inter,fixed,third,0.204446306008806
603420d17944c320084917ab,inter,free,critical,0.2636784511784512
603420d17944c320084917ab,inter,free,first,0.24239793771043772
603420d17944c320084917ab,inter,free,second,0.25416666666666665
603420d17944c320084917ab,inter,free,third,0.23975694444444445
603420d17944c320084917ab,intra,fixed,critical,0.2169945689874696
603420d17944c320084917ab,intra,fixed,first,0.23385934559299162
603420d17944c320084917ab,intra,fixed,second,0.3709456059069396
603420d17944c320084917ab,intra,fixed,third,0.17820047951259918
603420d17944c320084917ab,intra,free,critical,0.2081361925111925
603420d17944c320084917ab,intra,free,first,0.3137909544159544
603420d17944c320084917ab,intra,free,second,0.2401264245014245
603420d17944c320084917ab,intra,free,third,0.23794642857142856
603f9cd9dd612f05a156a96b,inter,fixed,critical,0.19978967661659508
603f9cd9dd612f05a156a96b,inter,fixed,first,0.2035976049118047
603f9cd9dd612f05a156a96b,inter,fixed,second,0.2820290828536203
603f9cd9dd612f05a156a96b,inter,fixed,third,0.3145836356179799
603f9cd9dd612f05a156a96b,inter,free,critical,0.26440890076956913
603f9cd9dd612f05a156a96b,inter,free,first,0.2527062703807448
603f9cd9dd612f05a156a96b,inter,free,second,0.3041269303625746
603f9cd9dd612f05a156a96b,inter,free,third,0.1787578984871115
603f9cd9dd612f05a156a96b,intra,fixed,critical,0.25536125151687045
603f9cd9dd612f05a156a96b,intra,fixed,first,0.18778446338729943
603f9cd9dd612f05a156a96b,intra,fixed,second,0.3360928328228568
603f9cd9dd612f05a156a96b,intra,fixed,third,0.22076145227297328
603f9cd9dd612f05a156a96b,intra,free,critical,0.26686053679397115
603f9cd9dd612f05a156a96b,intra,free,first,0.3105299925485998
603f9cd9dd612f05a156a96b,intra,free,second,0.20090309604139506
603f9cd9dd612f05a156a96b,intra,free,third,0.22170637461603399
60407c013b795828d5280016,inter,fixed,critical,0.25405248907172345
60407c013b795828d5280016,inter,fixed,first,0.23067417958130726
60407c013b795828d5280016,inter,fixed,second,0.21102714189222166
60407c013b795828d5280016,inter,fixed,third,0.30424618945474763
60407c013b795828d5280016,inter,free,critical,0.27494308495342035
60407c013b795828d5280016,inter,free,first,0.14280849198740825
60407c013b795828d5280016,inter,free,second,0.26395768154045857
60407c013b795828d5280016,inter,free,third,0.31829074151871284
60407c013b795828d5280016,intra,fixed,critical,0.16537347772751934
60407c013b795828d5280016,intra,fixed,first,0.2887484191081314
60407c013b795828d5280016,intra,fixed,second,0.2750955458267193
60407c013b795828d5280016,intra,fixed,third,0.2707825573376299
60407c013b795828d5280016,intra,free,critical,0.3152143937170019
60407c013b795828d5280016,intra,free,first,0.16991200861874362
60407c013b795828d5280016,intra,free,second,0.228838704658846
60407c013b795828d5280016,intra,free,third,0.2860348930054085
60412115bf7f41052145d851,inter,fixed,critical,0.25450692450930945
60412115bf7f41052145d851,inter,fixed,first,0.26823719211733144
60412115bf7f41052145d851,inter,fixed,second,0.2270255225421445
60412115bf7f41052145d851,inter,fixed,third,0.2502303608312146
60412115bf7f41052145d851,inter,free,critical,0.29301074292558177
60412115bf7f41052145d851,inter,free,first,0.21392876099797867
60412115bf7f41052145d851,inter,free,second,0.2813135836205177
60412115bf7f41052145d851,inter,free,third,0.2117469124559218
60412115bf7f41052145d851,intra,fixed,critical,0.29038663249149294
60412115bf7f41052145d851,intra,fixed,first,0.27395457571428605
60412115bf7f41052145d851,intra,fixed,second,0.23816794650823095
60412115bf7f41052145d851,intra,fixed,third,0.19749084528599015
60412115bf7f41052145d851,intra,free,critical,0.24312854667473838
60412115bf7f41052145d851,intra,free,first,0.19601067172356754
60412115bf7f41052145d851,intra,free,second,0.252849403578655
60412115bf7f41052145d851,intra,free,third,0.3080113780230391
6046450207a5540c583344f2,inter,fixed,critical,0.36959013859006196
6046450207a5540c583344f2,inter,fixed,first,0.25902590621877675
6046450207a5540c583344f2,inter,fixed,second,0.21393305203100213
6046450207a5540c583344f2,inter,fixed,third,0.15745090316015917
6046450207a5540c583344f2,inter,free,critical,0.4381496485987894
6046450207a5540c583344f2,inter,free,first,0.17155266837117303
6046450207a5540c583344f2,inter,free,second,0.19056660455461683
6046450207a5540c583344f2,inter,free,third,0.1997310784754207
6046450207a5540c583344f2,intra,fixed,critical,0.37410914582447347
6046450207a5540c583344f2,intra,fixed,first,0.23416234531219063
6046450207a5540c583344f2,intra,fixed,second,0.21163705804174165
6046450207a5540c583344f2,intra,fixed,third,0.18009145082159425
6046450207a5540c583344f2,intra,free,critical,0.32996080009705336
6046450207a5540c583344f2,intra,free,first,0.2589431460936197
6046450207a5540c583344f2,intra,free,second,0.16338341057129205
6046450207a5540c583344f2,intra,free,third,0.2477126432380349
604784025572562991fa9638,inter,fixed,critical,0.3687124131140385
604784025572562991fa9638,inter,fixed,first,0.2252797567032504
604784025572562991fa9638,inter,fixed,second,0.22832710468261172
604784025572562991fa9638,inter,fixed,third,0.17768072550009933
604784025572562991fa9638,inter,free,critical,0.39293897934118444
604784025572562991fa9638,inter,free,first,0.1687058239923663
604784025572562991fa9638,inter,free,second,0.20748375728953233
604784025572562991fa9638,inter,free,third,0.23087143937691693
604784025572562991fa9638,intra,fixed,critical,0.4012790598496506
604784025572562991fa9638,intra,fixed,first,0.267767820797286
604784025572562991fa9638,intra,fixed,second,0.16366062523773922
604784025572562991fa9638,intra,fixed,third,0.16729249411532415
604784025572562991fa9638,intra,free,critical,0.3538183961582366
604784025572562991fa9638,intra,free,first,0.22868859559459534
604784025572562991fa9638,intra,free,second,0.1891427891675732
604784025572562991fa9638,intra,free,third,0.22835021907959482
6048fadf5e6cd2e8e5e7af33,inter,fixed,critical,0.2213596020205708
6048fadf5e6cd2e8e5e7af33,inter,fixed,first,0.22386841956655273
6048fadf5e6cd2e8e5e7af33,inter,fixed,second,0.28157697581752233
6048fadf5e6cd2e8e5e7af33,inter,fixed,third,0.2731950025953541
6048fadf5e6cd2e8e5e7af33,inter,free,critical,0.21479702778536192
6048fadf5e6cd2e8e5e7af33,inter,free,first,0.26549285987837506
6048fadf5e6cd2e8e5e7af33,inter,free,second,0.2663612164436827
6048fadf5e6cd2e8e5e7af33,inter,free,third,0.25334889589258025
6048fadf5e6cd2e8e5e7af33,intra,fixed,critical,0.2401049707411648
6048fadf5e6cd2e8e5e7af33,intra,fixed,first,0.23691469347242705
6048fadf5e6cd2e8e5e7af33,intra,fixed,second,0.2680692837238935
6048fadf5e6cd2e8e5e7af33,intra,fixed,third,0.25491105206251463
6048fadf5e6cd2e8e5e7af33,intra,free,critical,0.23852678300570318
6048fadf5e6cd2e8e5e7af33,intra,free,first,0.22663493611488014
6048fadf5e6cd2e8e5e7af33,intra,free,second,0.27262380093372035
6048fadf5e6cd2e8e5e7af33,intra,free,third,0.26221447994569635
604b7b66d98ce2597489af83,inter,fixed,critical,0.2452203084263878
604b7b66d98ce2597489af83,inter,fixed,first,0.2830150208670396
604b7b66d98ce2597489af83,inter,fixed,second,0.2428441544135006
604b7b66d98ce2597489af83,inter,fixed,third,0.22892051629307197
604b7b66d98ce2597489af83,inter,free,critical,0.29131792289004577
604b7b66d98ce2597489af83,inter,free,first,0.1761026154032652
604b7b66d98ce2597489af83,inter,free,second,0.2774556604327509
604b7b66d98ce2597489af83,inter,free,third,0.2551238012739382
604b7b66d98ce2597489af83,intra,fixed,critical,0.2162733180484067
604b7b66d98ce2597489af83,intra,fixed,first,0.22606033757539673
604b7b66d98ce2597489af83,intra,fixed,second,0.2773151182738958
604b7b66d98ce2597489af83,intra,fixed,third,0.28035122610230073
604b7b66d98ce2597489af83,intra,free,critical,0.3490398190292657
604b7b66d98ce2597489af83,intra,free,first,0.2294097592523971
604b7b66d98ce2597489af83,intra,free,second,0.20317168460510887
604b7b66d98ce2597489af83,intra,free,third,0.21837873711322833
604beb98b0c631d2176984e5,inter,fixed,critical,0.32949090542063675
604beb98b0c631d2176984e5,inter,fixed,first,0.25311852386616357
604beb98b0c631d2176984e5,inter,fixed,second,0.23017370558556077
604beb98b0c631d2176984e5,inter,fixed,third,0.18721686512763888
604beb98b0c631d2176984e5,inter,free,critical,0.26672113235670464
604beb98b0c631d2176984e5,inter,free,first,0.2302422363726812
604beb98b0c631d2176984e5,inter,free,second,0.23572975005268362
604beb98b0c631d2176984e5,inter,free,third,0.2673068812179305
604beb98b0c631d2176984e5,intra,fixed,critical,0.19204370407909033
604beb98b0c631d2176984e5,intra,fixed,first,0.2620597264486051
604beb98b0c631d2176984e5,intra,fixed,second,0.31702123784775826
604beb98b0c631d2176984e5,intra,fixed,third,0.22887533162454632
604beb98b0c631d2176984e5,intra,free,critical,0.270984574369328
604beb98b0c631d2176984e5,intra,free,first,0.2747514488905737
604beb98b0c631d2176984e5,intra,free,second,0.21220065300081292
604beb98b0c631d2176984e5,intra,free,third,0.2420633237392854
604d603b057fd944c370a451,inter,fixed,critical,0.3815631606779424
604d603b057fd944c370a451,inter,fixed,first,0.28916469295863023
604d603b057fd944c370a451,inter,fixed,second,0.13521480683241746
604d603b057fd944c370a451,inter,fixed,third,0.19405733953100995
604d603b057fd944c370a451,inter,free,critical,0.46485506063307735
604d603b057fd944c370a451,inter,free,first,0.20498316744899017
604d603b057fd944c370a451,inter,free,second,0.13086500615895746
604d603b057fd944c370a451,inter,free,third,0.199296765758975
604d603b057fd944c370a451,intra,fixed,critical,0.27211519828632263
604d603b057fd944c370a451,intra,fixed,first,0.29828708444351415
604d603b057fd944c370a451,intra,fixed,second,0.17214315010777184
604d603b057fd944c370a451,intra,fixed,third,0.25745456716239135
604d603b057fd944c370a451,intra,free,critical,0.3987428652066616
604d603b057fd944c370a451,intra,free,first,0.21040919505157307
604d603b057fd944c370a451,intra,free,second,0.17749526509327976
604d603b057fd944c370a451,intra,free,third,0.21335267464848556
605c984fb45a5c4f390a8c6b,inter,fixed,critical,0.351344947472207
605c984fb45a5c4f390a8c6b,inter,fixed,first,0.24245251679571905
605c984fb45a5c4f390a8c6b,inter,fixed,second,0.21058217176244182
605c984fb45a5c4f390a8c6b,inter,fixed,third,0.1956203639696321
605c984fb45a5c4f390a8c6b,inter,free,critical,0.2703116768813877
605c984fb45a5c4f390a8c6b,inter,free,first,0.25560710692157945
605c984fb45a5c4f390a8c6b,inter,free,second,0.221231177772161
605c984fb45a5c4f390a8c6b,inter,free,third,0.2528500384248719
605c984fb45a5c4f390a8c6b,intra,fixed,critical,0.37254203299437255
605c984fb45a5c4f390a8c6b,intra,fixed,first,0.19411267451160258
605c984fb45a5c4f390a8c6b,intra,fixed,second,0.2763362718885017
605c984fb45a5c4f390a8c6b,intra,fixed,third,0.15700902060552321
605c984fb45a5c4f390a8c6b,intra,free,critical,0.23206441584205637
605c984fb45a5c4f390a8c6b,intra,free,first,0.27512192456416457
605c984fb45a5c4f390a8c6b,intra,free,second,0.25038656009612076
605c984fb45a5c4f390a8c6b,intra,free,third,0.2424270994976583
605e6cd36cab06b629568ada,inter,fixed,critical,0.2188082241623276
605e6cd36cab06b629568ada,inter,fixed,first,0.3027837274617703
605e6cd36cab06b629568ada,inter,fixed,second,0.2275742723060226
605e6cd36cab06b629568ada,inter,fixed,third,0.25083377606987955
605e6cd36cab06b629568ada,inter,free,critical,0.3463707160240969
605e6cd36cab06b629568ada,inter,free,first,0.25403161809794716
605e6cd36cab06b629568ada,inter,free,second,0.18314830978766167
605e6cd36cab06b629568ada,inter,free,third,0.21644935609029425
605e6cd36cab06b629568ada,intra,fixed,critical,0.25472231718354715
605e6cd36cab06b629568ada,intra,fixed,first,0.15627084974795855
605e6cd36cab06b629568ada,intra,fixed,second,0.28005917861896895
605e6cd36cab06b629568ada,intra,fixed,third,0.3089476544495253
605e6cd36cab06b629568ada,intra,free,critical,0.2814723280667219
605e6cd36cab06b629568ada,intra,free,first,0.27438348748351543
605e6cd36cab06b629568ada,intra,free,second,0.22653607574319787
605e6cd36cab06b629568ada,intra,free,third,0.2176081087065648
606232f3f1bd7d23429aaf21,inter,fixed,critical,0.26759023424262035
606232f3f1bd7d23429aaf21,inter,fixed,first,0.19023911364063076
606232f3f1bd7d23429aaf21,inter,fixed,second,0.3002899350543289
606232f3f1bd7d23429aaf21,inter,fixed,third,0.24188071706242
606232f3f1bd7d23429aaf21,inter,free,critical,0.2354543267134332
606232f3f1bd7d23429aaf21,inter,free,first,0.2087537986408418
606232f3f1bd7d23429aaf21,inter,free,second,0.2842131944864721
606232f3f1bd7d23429aaf21,inter,free,third,0.27157868015925296
606232f3f1bd7d23429aaf21,intra,fixed,critical,0.26114771953557414
606232f3f1bd7d23429aaf21,intra,fixed,first,0.3016909895956695
606232f3f1bd7d23429aaf21,intra,fixed,second,0.2124350559877781
606232f3f1bd7d23429aaf21,intra,fixed,third,0.2247262348809783
606232f3f1bd7d23429aaf21,intra,free,critical,0.17289104178335246
606232f3f1bd7d23429aaf21,intra,free,first,0.17055414086920417
606232f3f1bd7d23429aaf21,intra,free,second,0.35359250107672474
606232f3f1bd7d23429aaf21,intra,free,third,0.3029623162707186
6062edb8e4285e2902380669,inter,fixed,critical,0.23601592977347086
6062edb8e4285e2902380669,inter,fixed,first,0.307925137935193
6062edb8e4285e2902380669,inter,fixed,second,0.25224527235766947
6062edb8e4285e2902380669,inter,fixed,third,0.2038136599336667
6062edb8e4285e2902380669,inter,free,critical,0.2755917648775117
6062edb8e4285e2902380669,inter,free,first,0.2740847992790733
6062edb8e4285e2902380669,inter,free,second,0.23335533224180818
6062edb8e4285e2902380669,inter,free,third,0.21696810360160682
6062edb8e4285e2902380669,intra,fixed,critical,0.28730830602709556
6062edb8e4285e2902380669,intra,fixed,first,0.2722544321443387
6062edb8e4285e2902380669,intra,fixed,second,0.23594612794610642
6062edb8e4285e2902380669,intra,fixed,third,0.20449113388245932
6062edb8e4285e2902380669,intra,free,critical,0.20355079093023332
6062edb8e4285e2902380669,intra,free,first,0.3029621143252871
6062edb8e4285e2902380669,intra,free,second,0.2838373279170573
6062edb8e4285e2902380669,intra,free,third,0.20964976682742228
606cddc3cc68e2921cc5035d,inter,fixed,critical,0.307771164021164
606cddc3cc68e2921cc5035d,inter,fixed,first,0.21448412698412697
606cddc3cc68e2921cc5035d,inter,fixed,second,0.24318783068783068
606cddc3cc68e2921cc5035d,inter,fixed,third,0.2345568783068783
606cddc3cc68e2921cc5035d,inter,free,critical,0.283531746031746
606cddc3cc68e2921cc5035d,inter,free,first,0.25148809523809523
606cddc3cc68e2921cc5035d,inter,free,second,0.229265873015873
606cddc3cc68e2921cc5035d,inter,free,third,0.2357142857142857
606cddc3cc68e2921cc5035d,intra,fixed,critical,0.1953373015873016
606cddc3cc68e2921cc5035d,intra,fixed,first,0.2712301587301587
606cddc3cc68e2921cc5035d,intra,fixed,second,0.3064153439153439
606cddc3cc68e2921cc5035d,intra,fixed,third,0.22701719576719576
606cddc3cc68e2921cc5035d,intra,free,critical,0.2642857142857143
606cddc3cc68e2921cc5035d,intra,free,first,0.2978670634920635
606cddc3cc68e2921cc5035d,intra,free,second,0.1894345238095238
606cddc3cc68e2921cc5035d,intra,free,third,0.24841269841269842
607449dc48ed255d21b8cb3e,inter,fixed,critical,0.4674880324607952
607449dc48ed255d21b8cb3e,inter,fixed,first,0.17522259380663918
607449dc48ed255d21b8cb3e,inter,fixed,second,0.14279149126810017
607449dc48ed255d21b8cb3e,inter,fixed,third,0.21449788246446547
607449dc48ed255d21b8cb3e,inter,free,critical,0.3833415957473383
607449dc48ed255d21b8cb3e,inter,free,first,0.20053810507232267
607449dc48ed255d21b8cb3e,inter,free,second,0.20269805609916203
607449dc48ed255d21b8cb3e,inter,free,third,0.21342224308117697
607449dc48ed255d21b8cb3e,intra,fixed,critical,0.37997761765270643
607449dc48ed255d21b8cb3e,intra,fixed,first,0.21330073469845134
607449dc48ed255d21b8cb3e,intra,fixed,second,0.14950433077629338
607449dc48ed255d21b8cb3e,intra,fixed,third,0.25721731687254884
607449dc48ed255d21b8cb3e,intra,free,critical,0.337085257019599
607449dc48ed255d21b8cb3e,intra,free,first,0.23262366845379526
607449dc48ed255d21b8cb3e,intra,free,second,0.1946898231283023
607449dc48ed255d21b8cb3e,intra,free,third,0.2356012513983034
6076dfb3ec881562b02b03a7,inter,fixed,critical,0.22536377517053044
6076dfb3ec881562b02b03a7,inter,fixed,first,0.20416166657954804
6076dfb3ec881562b02b03a7,inter,fixed,second,0.27457714013768436
6076dfb3ec881562b02b03a7,inter,fixed,third,0.29589741811223713
6076dfb3ec881562b02b03a7,inter,free,critical,0.28441853113828147
6076dfb3ec881562b02b03a7,inter,free,first,0.28958547380362676
6076dfb3ec881562b02b03a7,inter,free,second,0.24649781616547503
6076dfb3ec881562b02b03a7,inter,free,third,0.17949817889261674
6076dfb3ec881562b02b03a7,intra,fixed,critical,0.2947704662444296
6076dfb3ec881562b02b03a7,intra,fixed,first,0.22978455916310095
6076dfb3ec881562b02b03a7,intra,fixed,second,0.2795769945427782
6076dfb3ec881562b02b03a7,intra,fixed,third,0.19586798004969125
6076dfb3ec881562b02b03a7,intra,free,critical,0.2909493166897565
6076dfb3ec881562b02b03a7,intra,free,first,0.2930184662386942
6076dfb3ec881562b02b03a7,intra,free,second,0.18768915262474722
6076dfb3ec881562b02b03a7,intra,free,third,0.2283430644468021
60771dcb8621d4784664c282,inter,fixed,critical,0.28831591029045717
60771dcb8621d4784664c282,inter,fixed,first,0.2034762673206963
60771dcb8621d4784664c282,inter,fixed,second,0.30430789236409683
60771dcb8621d4784664c282,inter,fixed,third,0.2038999300247497
60771dcb8621d4784664c282,inter,free,critical,0.22766048416891277
60771dcb8621d4784664c282,inter,free,first,0.3323359151144631
60771dcb8621d4784664c282,inter,free,second,0.26193823867618293
60771dcb8621d4784664c282,inter,free,third,0.17806536204044124
60771dcb8621d4784664c282,intra,fixed,critical,0.18243232688562835
60771dcb8621d4784664c282,intra,fixed,first,0.2484388034180543
60771dcb8621d4784664c282,intra,fixed,second,0.39036657670770725
60771dcb8621d4784664c282,intra,fixed,third,0.1787622929886101
60771dcb8621d4784664c282,intra,free,critical,0.22736744237541653
60771dcb8621d4784664c282,intra,free,first,0.34187324374816186
60771dcb8621d4784664c282,intra,free,second,0.23084807237900873
60771dcb8621d4784664c282,intra,free,third,0.19991124149741285
6085665b27241a4a3d06cd76,inter,fixed,critical,0.23387615016384694
6085665b27241a4a3d06cd76,inter,fixed,first,0.2935206319021372
6085665b27241a4a3d06cd76,inter,fixed,second,0.20910768496443832
6085665b27241a4a3d06cd76,inter,fixed,third,0.26349553296957756
6085665b27241a4a3d06cd76,inter,free,critical,0.36668703412163445
6085665b27241a4a3d06cd76,inter,free,first,0.26336404051545725
6085665b27241a4a3d06cd76,inter,free,second,0.18436292285066974
6085665b27241a4a3d06cd76,inter,free,third,0.18558600251223856
6085665b27241a4a3d06cd76,intra,fixed,critical,0.3078348636392709
6085665b27241a4a3d06cd76,intra,fixed,first,0.2867842505870395
6085665b27241a4a3d06cd76,intra,fixed,second,0.21812733487168662
6085665b27241a4a3d06cd76,intra,fixed,third,0.18725355090200302
6085665b27241a4a3d06cd76,intra,free,critical,0.30981719953884695
6085665b27241a4a3d06cd76,intra,free,first,0.2180303566176739
6085665b27241a4a3d06cd76,intra,free,second,0.20516383268051436
6085665b27241a4a3d06cd76,intra,free,third,0.2669886111629648
